﻿<?xml version="1.0" encoding="utf-8"?>
<ChouettePTNetwork xmlns:xsd="http://www.w3.org/2001/XMLSchema" xmlns:xsi="http://www.w3.org/2001/XMLSchema-instance" xmlns:ifopt="http://www.ifopt.org.uk/acsb" xmlns:siri="http://www.siri.org.uk/siri" xmlns="http://www.trident.org/schema/trident">
  <PTNetwork>
    <objectId>NAVSTEX:PTNetwork:21</objectId>
    <objectVersion>1</objectVersion>
    <versionDate>2017-07-06</versionDate>
    <name>Aéroports de Lyon</name>
    <registration>
      <registrationNumber>21</registrationNumber>
    </registration>
  </PTNetwork>
  <GroupOfLine>
    <objectId>NAVSTEX:GroupOfLine:REG</objectId>
    <objectVersion>1</objectVersion>
    <name>REG</name>
    <lineId>NAVSTEX:Line:VOIRON</lineId>
    <comment />
  </GroupOfLine>
  <Company>
    <objectId>NAVSTEX:Company:1</objectId>
    <objectVersion>1</objectVersion>
    <name>Région Rhône Alpes</name>
    <registration>
      <registrationNumber>1</registrationNumber>
    </registration>
  </Company>
  <ChouetteArea>
    <StopArea>
      <objectId>ITINISERE:StopArea:log31885</objectId>
      <objectVersion>1</objectVersion>
      <name>gare routière</name>
      <contains>NAVSTEX:StopArea:gen1</contains>
      <StopAreaExtension>
        <areaType>StopPlace</areaType>
      </StopAreaExtension>
    </StopArea>
    <StopArea>
      <objectId>NAVSTEX:StopArea:gen1</objectId>
      <objectVersion>1</objectVersion>
      <name>Voiron gare routière</name>
      <contains>NAVSTEX:StopArea:1</contains>
      <centroidOfArea>NAVSTEX:Place:gen1</centroidOfArea>
      <StopAreaExtension>
        <areaType>CommercialStopPoint</areaType>
        <nearestTopicName>VOIRON</nearestTopicName>
        <fareCode>66</fareCode>
      </StopAreaExtension>
    </StopArea>
    <StopArea>
      <objectId>NAVSTEX:StopArea:1</objectId>
      <objectVersion>1</objectVersion>
      <name>gare routière</name>
      <contains>NAVSTEX:StopPoint:7</contains>
      <contains>NAVSTEX:StopPoint:14</contains>
      <centroidOfArea>NAVSTEX:Place:1</centroidOfArea>
      <comment>1</comment>
      <StopAreaExtension>
        <areaType>BoardingPosition</areaType>
        <fareCode>0</fareCode>
        <mobilityRestrictedSuitability>true</mobilityRestrictedSuitability>
      </StopAreaExtension>
    </StopArea>
    <StopArea>
      <objectId>ITINISERE:StopArea:log58507</objectId>
      <objectVersion>1</objectVersion>
      <name>CHAMPFEUILLET</name>
      <contains>NAVSTEX:StopArea:gen2</contains>
      <StopAreaExtension>
        <areaType>StopPlace</areaType>
      </StopAreaExtension>
    </StopArea>
    <StopArea>
      <objectId>NAVSTEX:StopArea:gen2</objectId>
      <objectVersion>1</objectVersion>
      <name>Arrêt 1</name>
      <contains>NAVSTEX:StopArea:2</contains>
      <centroidOfArea>NAVSTEX:Place:gen2</centroidOfArea>
      <StopAreaExtension>
        <areaType>CommercialStopPoint</areaType>
        <nearestTopicName>VOIRON</nearestTopicName>
        <fareCode>66</fareCode>
      </StopAreaExtension>
    </StopArea>
    <StopArea>
      <objectId>NAVSTEX:StopArea:2</objectId>
      <objectVersion>1</objectVersion>
      <name>CHAMPFEUILLET</name>
      <contains>NAVSTEX:StopPoint:8</contains>
      <contains>NAVSTEX:StopPoint:13</contains>
      <centroidOfArea>NAVSTEX:Place:2</centroidOfArea>
      <comment>2</comment>
      <StopAreaExtension>
        <areaType>BoardingPosition</areaType>
        <fareCode>0</fareCode>
        <mobilityRestrictedSuitability>true</mobilityRestrictedSuitability>
      </StopAreaExtension>
    </StopArea>
    <StopArea>
      <objectId>NAVSTEX:StopArea:gen3</objectId>
      <objectVersion>1</objectVersion>
      <name>Arrêt 2</name>
      <contains>NAVSTEX:StopArea:3</contains>
      <centroidOfArea>NAVSTEX:Place:gen3</centroidOfArea>
      <StopAreaExtension>
        <areaType>CommercialStopPoint</areaType>
        <nearestTopicName>VOIRON</nearestTopicName>
        <fareCode>66</fareCode>
      </StopAreaExtension>
    </StopArea>

    <!-- Parent defined after the child -->
    <StopArea>
      <objectId>ITINISERE:StopArea:log58508</objectId>
      <objectVersion>1</objectVersion>
      <name>PEAGE DE RIVES PKG RELAIS DU PAYS VOIRONNAIS</name>
      <contains>NAVSTEX:StopArea:gen3</contains>
      <StopAreaExtension>
        <areaType>StopPlace</areaType>
      </StopAreaExtension>
    </StopArea>

    <StopArea>
      <objectId>NAVSTEX:StopArea:3</objectId>
      <objectVersion>1</objectVersion>
      <name>PEAGE DE RIVES PKG RELAIS DU PAYS VOIRONNAIS</name>
      <contains>NAVSTEX:StopPoint:9</contains>
      <contains>NAVSTEX:StopPoint:12</contains>
      <centroidOfArea>NAVSTEX:Place:3</centroidOfArea>
      <comment>3</comment>
      <StopAreaExtension>
        <areaType>BoardingPosition</areaType>
        <fareCode>0</fareCode>
        <mobilityRestrictedSuitability>true</mobilityRestrictedSuitability>
      </StopAreaExtension>
    </StopArea>
    <StopArea>
      <objectId>ITINISERE:StopArea:log14898</objectId>
      <objectVersion>1</objectVersion>
      <name>Aéroport Lyon Sy Exupéry</name>
      <contains>NAVSTEX:StopArea:gen4</contains>
      <StopAreaExtension>
        <areaType>StopPlace</areaType>
      </StopAreaExtension>
    </StopArea>
    <StopArea>
      <objectId>NAVSTEX:StopArea:gen4</objectId>
      <objectVersion>1</objectVersion>
      <name>Aéroport Lyon Sy Exupéry</name>
      <contains>NAVSTEX:StopArea:4</contains>
      <centroidOfArea>NAVSTEX:Place:gen4</centroidOfArea>
      <StopAreaExtension>
        <areaType>CommercialStopPoint</areaType>
        <nearestTopicName>LYON</nearestTopicName>
        <fareCode>82072</fareCode>
      </StopAreaExtension>
    </StopArea>
    <StopArea>
      <objectId>NAVSTEX:StopArea:4</objectId>
      <objectVersion>1</objectVersion>
      <name>Aéroport Lyon Sy Exupéry</name>
      <contains>NAVSTEX:StopPoint:10</contains>
      <contains>NAVSTEX:StopPoint:11</contains>
      <centroidOfArea>NAVSTEX:Place:4</centroidOfArea>
      <comment>4</comment>
      <StopAreaExtension>
        <areaType>BoardingPosition</areaType>
        <fareCode>0</fareCode>
        <mobilityRestrictedSuitability>true</mobilityRestrictedSuitability>
      </StopAreaExtension>
    </StopArea>
    <AreaCentroid>
      <objectId>NAVSTEX:Place:1</objectId>
      <objectVersion>1</objectVersion>
      <longitude>5.5917378453</longitude>
      <latitude>45.3595589052</latitude>
      <longLatType>WGS84</longLatType>
      <address>
        <countryCode>38563</countryCode>
      </address>
      <projectedPoint>
        <X>855028.004151271</X>
        <Y>2045177.98730635</Y>
        <projectionType>EPSG:27572</projectionType>
      </projectedPoint>
      <containedIn>NAVSTEX:StopArea:1</containedIn>
      <name>gare routière</name>
    </AreaCentroid>
    <AreaCentroid>
      <objectId>NAVSTEX:Place:gen1</objectId>
      <objectVersion>1</objectVersion>
      <longitude>5.5917378453</longitude>
      <latitude>45.3595589052</latitude>
      <longLatType>WGS84</longLatType>
      <address>
        <countryCode>38563</countryCode>
      </address>
      <projectedPoint>
        <X>855028.004151271</X>
        <Y>2045177.98730635</Y>
        <projectionType>EPSG:27572</projectionType>
      </projectedPoint>
      <containedIn>NAVSTEX:StopArea:gen1</containedIn>
      <name>Voiron gare routière</name>
    </AreaCentroid>
    <AreaCentroid>
      <objectId>NAVSTEX:Place:2</objectId>
      <objectVersion>1</objectVersion>
      <longitude>5.570177444</longitude>
      <latitude>45.3514215501</latitude>
      <longLatType>WGS84</longLatType>
      <address>
        <countryCode>38563</countryCode>
      </address>
      <projectedPoint>
        <X>853377.004154459</X>
        <Y>2044204.48730669</Y>
        <projectionType>EPSG:27572</projectionType>
      </projectedPoint>
      <containedIn>NAVSTEX:StopArea:2</containedIn>
      <name>CHAMPFEUILLET</name>
    </AreaCentroid>
    <AreaCentroid>
      <objectId>NAVSTEX:Place:gen2</objectId>
      <objectVersion>1</objectVersion>
      <longitude>5.570177444</longitude>
      <latitude>45.3514215501</latitude>
      <longLatType>WGS84</longLatType>
      <address>
        <countryCode>38563</countryCode>
      </address>
      <projectedPoint>
        <X>853377.004154459</X>
        <Y>2044204.48730669</Y>
        <projectionType>EPSG:27572</projectionType>
      </projectedPoint>
      <containedIn>NAVSTEX:StopArea:gen2</containedIn>
      <name>Arrêt 1</name>
    </AreaCentroid>
    <AreaCentroid>
      <objectId>NAVSTEX:Place:3</objectId>
      <objectVersion>1</objectVersion>
      <longitude>5.4772554128</longitude>
      <latitude>45.3816255924</latitude>
      <longLatType>WGS84</longLatType>
      <address>
        <countryCode>38563</countryCode>
      </address>
      <projectedPoint>
        <X>845965.754162361</X>
        <Y>2047264.11230137</Y>
        <projectionType>EPSG:27572</projectionType>
      </projectedPoint>
      <containedIn>NAVSTEX:StopArea:3</containedIn>
      <name>PEAGE DE RIVES PKG RELAIS DU PAYS VOIRONNAIS</name>
    </AreaCentroid>
    <AreaCentroid>
      <objectId>NAVSTEX:Place:gen3</objectId>
      <objectVersion>1</objectVersion>
      <longitude>5.4772554128</longitude>
      <latitude>45.3816255924</latitude>
      <longLatType>WGS84</longLatType>
      <address>
        <countryCode>38563</countryCode>
      </address>
      <projectedPoint>
        <X>845965.754162361</X>
        <Y>2047264.11230137</Y>
        <projectionType>EPSG:27572</projectionType>
      </projectedPoint>
      <containedIn>NAVSTEX:StopArea:gen3</containedIn>
      <name>Arrêt 2</name>
    </AreaCentroid>
    <AreaCentroid>
      <objectId>NAVSTEX:Place:4</objectId>
      <objectVersion>1</objectVersion>
      <longitude>5.0773950186</longitude>
      <latitude>45.7207999142</latitude>
      <longLatType>WGS84</longLatType>
      <address>
        <countryCode>69123</countryCode>
      </address>
      <projectedPoint>
        <X>813350.004214531</X>
        <Y>2083770.98732662</Y>
        <projectionType>EPSG:27572</projectionType>
      </projectedPoint>
      <containedIn>NAVSTEX:StopArea:4</containedIn>
      <name>Aéroport Lyon Sy Exupéry</name>
    </AreaCentroid>
    <AreaCentroid>
      <objectId>NAVSTEX:Place:gen4</objectId>
      <objectVersion>1</objectVersion>
      <longitude>5.0773950186</longitude>
      <latitude>45.7207999142</latitude>
      <longLatType>WGS84</longLatType>
      <address>
        <countryCode>69123</countryCode>
      </address>
      <projectedPoint>
        <X>813350.004214531</X>
        <Y>2083770.98732662</Y>
        <projectionType>EPSG:27572</projectionType>
      </projectedPoint>
      <containedIn>NAVSTEX:StopArea:gen4</containedIn>
      <name>Aéroport Lyon Sy Exupéry</name>
    </AreaCentroid>
  </ChouetteArea>
  <ChouetteLineDescription>
    <Line>
      <objectId>NAVSTEX:Line:VOIRON</objectId>
      <objectVersion>1</objectVersion>
      <name>ST EXUPERY - VOIRON</name>
      <number>VOIRON</number>
      <publishedName>ST EXUPERY - VOIRON</publishedName>
      <transportModeName>Coach</transportModeName>
      <routeId>NAVSTEX:Route:VOIRONxA</routeId>
      <routeId>NAVSTEX:Route:VOIRONxR</routeId>
      <registration>
        <registrationNumber>1451</registrationNumber>
      </registration>
    </Line>
    <ChouetteRoute>
      <objectId>NAVSTEX:Route:VOIRONxA</objectId>
      <objectVersion>1</objectVersion>
      <name>ST EXUPERY - VOIRON - Aller</name>
      <direction>A</direction>
      <ptLinkId>NAVSTEX:PTLink:7A8</ptLinkId>
      <ptLinkId>NAVSTEX:PTLink:8A9</ptLinkId>
      <ptLinkId>NAVSTEX:PTLink:9A10</ptLinkId>
      <journeyPatternId>NAVSTEX:JourneyPattern:VOI01xAx01</journeyPatternId>
      <wayBackRouteId>NAVSTEX:Route:VOIRONxR</wayBackRouteId>
      <RouteExtension>
        <wayBack>A</wayBack>
      </RouteExtension>
    </ChouetteRoute>
    <ChouetteRoute>
      <objectId>NAVSTEX:Route:VOIRONxR</objectId>
      <objectVersion>1</objectVersion>
      <name>ST EXUPERY - VOIRON - Retour</name>
      <direction>R</direction>
      <ptLinkId>NAVSTEX:PtLink:11A12</ptLinkId>
      <ptLinkId>NAVSTEX:PtLink:12A13</ptLinkId>
      <ptLinkId>NAVSTEX:PtLink:13A14</ptLinkId>
      <journeyPatternId>NAVSTEX:JourneyPattern:VOI01xRx01</journeyPatternId>
      <wayBackRouteId>NAVSTEX:Route:VOIRONxA</wayBackRouteId>
      <RouteExtension>
        <wayBack>R</wayBack>
      </RouteExtension>
    </ChouetteRoute>
    <StopPoint>
      <objectId>NAVSTEX:StopPoint:7</objectId>
      <objectVersion>1</objectVersion>
      <longitude>5.5917378453</longitude>
      <latitude>45.3595589052</latitude>
      <longLatType>WGS84</longLatType>
      <containedIn>NAVSTEX:StopArea:1</containedIn>
      <name>gare routière</name>
    </StopPoint>
    <StopPoint>
      <objectId>NAVSTEX:StopPoint:8</objectId>
      <objectVersion>1</objectVersion>
      <longitude>5.570177444</longitude>
      <latitude>45.3514215501</latitude>
      <longLatType>WGS84</longLatType>
      <containedIn>NAVSTEX:StopArea:2</containedIn>
      <name>CHAMPFEUILLET</name>
    </StopPoint>
    <StopPoint>
      <objectId>NAVSTEX:StopPoint:9</objectId>
      <objectVersion>1</objectVersion>
      <longitude>5.4772554128</longitude>
      <latitude>45.3816255924</latitude>
      <longLatType>WGS84</longLatType>
      <containedIn>NAVSTEX:StopArea:3</containedIn>
      <name>PEAGE DE RIVES PKG RELAIS DU PAYS VOIRONNAIS</name>
    </StopPoint>
    <StopPoint>
      <objectId>NAVSTEX:StopPoint:10</objectId>
      <objectVersion>1</objectVersion>
      <longitude>5.0773950186</longitude>
      <latitude>45.7207999142</latitude>
      <longLatType>WGS84</longLatType>
      <containedIn>NAVSTEX:StopArea:4</containedIn>
      <name>Aéroport Lyon Sy Exupéry</name>
    </StopPoint>
    <StopPoint>
      <objectId>NAVSTEX:StopPoint:11</objectId>
      <objectVersion>1</objectVersion>
      <longitude>5.0773950186</longitude>
      <latitude>45.7207999142</latitude>
      <longLatType>WGS84</longLatType>
      <containedIn>NAVSTEX:StopArea:4</containedIn>
      <name>Aéroport Lyon Sy Exupéry</name>
    </StopPoint>
    <StopPoint>
      <objectId>NAVSTEX:StopPoint:12</objectId>
      <objectVersion>1</objectVersion>
      <longitude>5.4772554128</longitude>
      <latitude>45.3816255924</latitude>
      <longLatType>WGS84</longLatType>
      <containedIn>NAVSTEX:StopArea:3</containedIn>
      <name>PEAGE DE RIVES PKG RELAIS DU PAYS VOIRONNAIS</name>
    </StopPoint>
    <StopPoint>
      <objectId>NAVSTEX:StopPoint:13</objectId>
      <objectVersion>1</objectVersion>
      <longitude>5.570177444</longitude>
      <latitude>45.3514215501</latitude>
      <longLatType>WGS84</longLatType>
      <containedIn>NAVSTEX:StopArea:2</containedIn>
      <name>CHAMPFEUILLET</name>
    </StopPoint>
    <StopPoint>
      <objectId>NAVSTEX:StopPoint:14</objectId>
      <objectVersion>1</objectVersion>
      <longitude>5.5917378453</longitude>
      <latitude>45.3595589052</latitude>
      <longLatType>WGS84</longLatType>
      <containedIn>NAVSTEX:StopArea:1</containedIn>
      <name>gare routière</name>
    </StopPoint>
    <PtLink>
      <objectId>NAVSTEX:PTLink:7A8</objectId>
      <startOfLink>NAVSTEX:StopPoint:7</startOfLink>
      <endOfLink>NAVSTEX:StopPoint:8</endOfLink>
      <Comment>SHOWSTOP</Comment>
    </PtLink>
    <PtLink>
      <objectId>NAVSTEX:PTLink:8A9</objectId>
      <startOfLink>NAVSTEX:StopPoint:8</startOfLink>
      <endOfLink>NAVSTEX:StopPoint:9</endOfLink>
      <Comment>SHOWSTOP</Comment>
    </PtLink>
    <PtLink>
      <objectId>NAVSTEX:PTLink:9A10</objectId>
      <startOfLink>NAVSTEX:StopPoint:9</startOfLink>
      <endOfLink>NAVSTEX:StopPoint:10</endOfLink>
      <Comment>SHOWSTOP</Comment>
    </PtLink>
    <PtLink>
      <objectId>NAVSTEX:PtLink:11A12</objectId>
      <startOfLink>NAVSTEX:StopPoint:11</startOfLink>
      <endOfLink>NAVSTEX:StopPoint:12</endOfLink>
    </PtLink>
    <PtLink>
      <objectId>NAVSTEX:PtLink:12A13</objectId>
      <startOfLink>NAVSTEX:StopPoint:12</startOfLink>
      <endOfLink>NAVSTEX:StopPoint:13</endOfLink>
    </PtLink>
    <PtLink>
      <objectId>NAVSTEX:PtLink:13A14</objectId>
      <startOfLink>NAVSTEX:StopPoint:13</startOfLink>
      <endOfLink>NAVSTEX:StopPoint:14</endOfLink>
    </PtLink>
    <JourneyPattern>
      <objectId>NAVSTEX:JourneyPattern:VOI01xAx01</objectId>
      <objectVersion>1</objectVersion>
      <name>St Exupéry</name>
      <routeId>NAVSTEX:Route:VOIRONxA</routeId>
      <stopPointList>NAVSTEX:StopPoint:7</stopPointList>
      <stopPointList>NAVSTEX:StopPoint:8</stopPointList>
      <stopPointList>NAVSTEX:StopPoint:9</stopPointList>
      <stopPointList>NAVSTEX:StopPoint:10</stopPointList>
      <registration>
        <registrationNumber>8219</registrationNumber>
      </registration>
      <comment />
    </JourneyPattern>
    <JourneyPattern>
      <objectId>NAVSTEX:JourneyPattern:VOI01xRx01</objectId>
      <objectVersion>1</objectVersion>
      <name>Voiron</name>
      <routeId>NAVSTEX:Route:VOIRONxR</routeId>
      <stopPointList>NAVSTEX:StopPoint:11</stopPointList>
      <stopPointList>NAVSTEX:StopPoint:12</stopPointList>
      <stopPointList>NAVSTEX:StopPoint:13</stopPointList>
      <stopPointList>NAVSTEX:StopPoint:14</stopPointList>
      <registration>
        <registrationNumber>8220</registrationNumber>
      </registration>
      <comment />
    </JourneyPattern>
  </ChouetteLineDescription>
</ChouettePTNetwork>
